corrected.NameR,TS.SequenceR
Eim_Nuc376_R,TTCGTTCGTTGAGTGGTGGT
Eim_Nuc1340_R,GCCGCAATGTTGAGCTTGAT
Eim_Nuc2174_R,CGACACATCTGCAACGTGAA
Eim_Nuc3284_R,TGAAATTTGTGAGGAGACGTCGA
Eim_Nuc3836_R,CAGGGTTGATCGGAATGCAATC
Eim_Nuc5052_R,GCGGCGAGATAGGGGAAG
Eim_Nuc6000_R,CGCCTTTTGTTGGAAGTGGT
Eim_Nuc6076_R,AAACGGTCGCCAGCAGAC
Eim_Nuc6324_R,GCTGTCCCACTCAAGATGCT
Eim_Nuc6820_R,GGATGAGCCTGAGTGAAGCC
Eim_Nuc7976_R,AAGGGGCTTTGCATCGAGG
Eim_Nuc8428_R,ACTCTCGCGTTTTATCTCACTTG
Eim_Nuc8940_R,ATAGCTGAGCAGGGACAAGC
Eim_Nuc9134_R,AGCAGGACGGGAATTGTGG
Eim_Nuc9410_R,CCCAAACACGGAGATAGCGG
Eim_Nuc10086_R,TCTTAACGGCGAGGCAAGAC
 Eim_Nuc3666_R,GAGGTAGTCGCCACCCAGA
Eim_Nuc4784_R,AAGTCCGTCGGCACCTCA
Eim_Nuc9136_R,GATGAGGCGTCGCTTAGTCA
Eim_Nuc446_R,ACGCGGGGTGTACTGACA
Eim_Nuc1430_R,CGCTTAGGGACAGACACACT
Eim_Nuc3174_R,ACCCTAGTAGCACGGACACT
Eim_Nuc3332_R,GAGAAATTCCTTGCGTCTGTTGA
Eim_Nuc3492_R,GCAATCTAAGAGGGCGGTTGAA
Eim_Nuc3708_R,CACACTGCGAGACGTGCA
Eim_Nuc4094_R,GTCTGTACACCTCAACGTAGCA
Eim_Nuc5258_R,GCTAGCGCCGTGGACTAC
Eim_Nuc6134_R,TGCGTTACGGTGTATAGGCA
Eim_Nuc7250_R,TCGCTTGCCTCAAACTTTACAC
Eim_Nuc7586_R,GGGTATACTGTTAGCTTCGGTCA
Eim_Nuc7746_R,CACGTCCTTAGAGTACGTGAGA
Eim_Nuc8332_R,TGCAGTCGAATTGTTGAATCGC
Eim_Nuc8516_R,GCTACGCGCGACTCTCTAG
Eim_Nuc8632_R,CACAGGCCCGTAGTGTCTC
Eim_Nuc8956_R,GCTTTGTGTGGACCCGCA
Eim_Nuc8972_R,CGGATGCGGACTAAGGGG
Eim_Nuc9060_R,GCCATTATCGTAGGCTCGTTCAT
Eim_Nuc9210_R,GGGAGCGCGCTAGACAAA
Mus_Intron1_R,ACCCTGGCTCCTTACCTCTG
Mus_Intron2_R,CCCCTCTGGCTCACTCATTC
Mus_Intron3_R,GCTTCCCAACCTAGCCCTTT
Mus_Intron4_R,TGCTGGTCACAACTTCCTCA
Mus_Intron5_R,GAATCAGGAGTTCATGGCAGC
Mus_Intron6_R,AGTGACTTACAGCAGAGCCTT
Mus_Intron7_R,CTGGCATTGATCCCCAGTACT
Mus_Intron8_R,GGAAACAGATGCAGAGACCCA
Mus_Intron9_R,TGGGAAGCACAGAGAGTCCT
Mus_Intron10_R,AGTTCCCACCAGCAGCTTTA
Mus_Intron11_R,TTTTGTTTGCCTGCCTCCTG
Eim_COX0_R,GCACCAAGAGATAGTACGAAATGGA
Eim_COX1_R,TCATCATATGGTGTGCCCAAACTA
Eim_18s0_R,CTGGACCTGGTGAGTTTCCC
Eim_18s1_R,ACTTCTCGACCAACAACGCA
Eim_18s5_R,CGTGCAGCCCAGAACATCTA
Eim_Ap7_R,AGATGGTCCTATGCCTCAAACTC
Eim_Ap9_R,TGGTAAAACAATAGCCTTCCAAGTT
Eim_Ap10_R,GAATCGAACTGGTGACTCAAGGA
Eim_Ap11_R,TGCTCCCATTAATCCTCTTGCT
Eim_Ap12_RÂ ,MACAAATAGTTCGTCCTACAAGAC
Eim_Ap5_R,YAGAATTGATGCCTGAGYGGTC
Mus_mtDNA0_R,CCTTGACGGCTATGTTGATGAAAG
