corrected.NameF,TS.SequenceF
Eim_Nuc375_F,CACCCTCCGCTAAGTTGGAA
Eim_Nuc1339_F,AGTGCGTCCCGTCTTGTTC
Eim_Nuc2173_F,ACACACGCGTTGACTGTAGG
Eim_Nuc3283_F,CGTTATCGTGGGGAGCTGC
Eim_Nuc3835_F,GCTTTTCAGTAGGCGTGGATTAT
Eim_Nuc5051_F,CCCCTCGTGCGTTGTTCA
Eim_Nuc5999_F,TTCGCCGAGAGTATGACACC
Eim_Nuc6075_F,CGTCTTCGTAGCATCCCAGC
Eim_Nuc6323_F,GACAAAGACGCTAGTGGGGA
Eim_Nuc6819_F,TCTAGGGGATCTTTCGTTGGGA
Eim_Nuc7975_F,GTGCTGCTAGTCGGACGTTT
Eim_Nuc8427_F,TCTAGATGAGACGGACGTTGTTG
Eim_Nuc8939_F,GTACAATAGGACACCGCCGT
Eim_Nuc9133_F,CTTGACTAAGCGACGCCTCA
Eim_Nuc9409_F,TCAGTTCCATCATACGCCTCTC
Eim_Nuc10085_F,AGAGCGACACATAAGCCCTT
Eim_Nuc3665_F,AGTTGTAGTTCGGGAGGTCTTC
Eim_Nuc4783_F,GTCTACCAGCCGACACGC
Eim_Nuc9135_F,CGTTGCGCTAGGAAGGTCA
Eim_Nuc445_F,GACAGTGTGCGGGTAGTTGT
Eim_Nuc1429_F,CAATTGCCGTTACGCCATCT
Eim_Nuc3173_F,CTGGGATGTGATGGAGGCG
Eim_Nuc3331_F,CGGCGGTAAACCTCAGAGAC
Eim_Nuc3491_F,GTTTCTGCCGCTTCCTCGA
Eim_Nuc3707_F,ATGCTGCAAGAAACCCAGCT
Eim_Nuc4093_F,CGTGTCAGGAACCGTGTGAT
Eim_Nuc5257_F,GCCCAGAAGAAGGTGAGGC
Eim_Nuc6133_F,TCTGGGAAGATGGGGTGTACA
Eim_Nuc7249_F,GCTGCGCGAATCTCACGTA
Eim_Nuc7585_F,TACCCACACATCTTGCTGCT
Eim_Nuc7745_F,TGCAGAGCTCATCAAGAAATGC
Eim_Nuc8331_F,CACGGTAGGGGAAGTGACAC
Eim_Nuc8515_F,GGAGTTCGAGCTGGTTTGTG
Eim_Nuc8631_F,CGGGTGTTACAACGGCGTTA
Eim_Nuc8955_F,CATGCCGCATCCCCGAAA
Eim_Nuc8971_F,GTCCAATGCCACTCCCGG
Eim_Nuc9059_F,AGTGATTGGAGGACAGGCAG
Eim_Nuc9209_F,CGTGCTCTCTCGTCTCCTCT
Mus_Intron1_F,ACCTGGGTATGATGGAAGACTTG
Mus_Intron2_F,GACCCTAGCTGAGACTCCCA
Mus_Intron3_F,CCCCATTCTACCCCAACCAG
Mus_Intron4_F,CTGCTCATCTCTCCAAGCTCA
Mus_Intron5_F,TCAGGGGAGGAGGGCATAAA
Mus_Intron6_F,TCCAAAGCAAGGGAGTAGGC
Mus_Intron7_F,GGCAATTACCCTAGAAGCAATGT
Mus_Intron8_F,TGCTGGCTTACTCTCTTGCT
Mus_Intron9_F,TGTTGTGCCCACCCATTTACT
Mus_Intron10_F,GCCAAAGTTACAGAGTGGGGA
Mus_Intron11_F,CAAGTAAACACTCTCTGGAAGCC
Eim_COX0_F,CCTCATTTAACGGTGATCCAGTACT
Eim_COX1_F,CTCCAACCTCAGTCGATTTAATTGTAT
Eim_18s0_F,CTGCGTCTGTTGGTGTTTCG
Eim_18s1_F,GGCCGTTCTTAGTTGGTGGA
Eim_18s5_F,CCGACTAGAGATAGGGAAATGCC
Eim_Ap7_F,TGTAACTACAGTACCACGYCCAGT
Eim_Ap9_F,AACCACTCTGCCATTTCTCCT
Eim_Ap10_F,WCCTATAGGRGGATTTGGTGTAGCT
Eim_Ap11_F,RACAGARGGAATTAATTGTGGTTTAGT
Eim_Ap12_F,YATTTCTTGTTATGGAGCRCGAAAAGG
Eim_Ap5_F,YAAAGGAATTTGAATCCTCGTTT
Mus_mtDNA0_F,CGTACATTAAACTATTTTCCCCAAGCA
